"seq_name","schloro_dataset","schloro_prediction","subchlo_probability","dataset","cluster","sequence"
"Q93ZB2","outer_membrane","inner_membrane",0.51,"N_OM",0,"MAFFSMISILLGFVISSFIFIFFFKKLLSFSRKNMSEVSTLPSVPVVPGFPVIGNLLQLKEKKPHKTFTRWSEIYGPIYSIKMGSSSLIVLNSTETAKEAMVTRFSSISTRKLSNALTVLTCDKSMVATSDYDDFHKLVKRCLLNGLLGANAQKRKRHYRDALIENVSSKLHAHARDHPQEPVNFRAIFEHELFGVALKQAFGKDVESIYVKELGVTLSKDEIFKVLVHDMMEGAIDVDWRDFFPYLKWIPNKSFEARIQQKHKRRLAVMNALIQDRLKQNGSESDDDCYLNFLMSEAKTLTKEQIAILVWETIIETADTTLVTTEWAIYELAKHPSVQDRLCKEIQNVCGGEKFKEEQLSQVPYLNGVFHETLRKYSPAPLVPIRYAHEDTQIGGYHVPAGSEIAINIYGCNMDKKRWERPEDWWPERFLDDGKYETSDLHKTMAFGAGKRVCAGALQASLMAGIAIGRLVQEFEWKLRDGEEENVDTYGLTSQKLYPLMAIINPRRS"
"Q9C5J8","outer_membrane","outer_membrane",0.79,"NA","NA","MHCHNDDVRFSSSSIRIHSPSPKEQHSLLTNLQSCSKTFVSHLSNTRNSLNQMLQSLKNRHTPPPRSVRRPNLPTQMLNSVTQLMIGKSSPISLSLIQSTQFNWSESRDENVETIRGLSSPLLCCASLSLTRPNESTQSVEGKDTVQQQKGHSVSRNAEERVLISEVLVRTKDGEELERKDLEMEALAALKACRANSALTIREVQEDVHRIIESGYFCSCTPVAVDTRDGIRLMFQVEPNQEFRGLVCENANVLPSKFIHEAFRDGFGKVINIKRLEEAITSINGWYMERGLFGIVSDIDTLSGGIVRLQVAEAEVNNISIRFLDRKTGEPTKGKTSPETILRQLTTKKGQVYSMLQGKRDVDTVLAMGIMEDVSIIPQPAGDSGKVDLIMNCVERPSGGFSAGGGISSGITSGPLSGLIGSFAYSHRNLFGRNQKLNVSLERGQIDSIFRINYTDPWIEGDDKRTSRSIMVQNSRTPGNLVHGNQPDNSSLTIGRVTAGVEYSRPFRPKWNGTAGLIFQHAGARDEQGNPIIKDFYSSPLTASGKPHDETMLAKLESIYTGSGDQGSTMFAFNMEQGLPVLPEWLCFNRVTGRARKGIHIGPARFLFSLSGGHVVGKFSPHEAFVIGGTNSVRGYEEGAVGSGRSYVVGSGELSFPVRGPVEGVIFTDYGTDMGSGSTVPGDPAGARLKPGSGYGYGLGVRVDSPLGPLRLEYAFNDQHAGRFHFGVGLRN"
"Q8H0W1","outer_membrane,thylakoid_membrane","thylakoid_lumen",0.51,"NA","NA","MMVMISLHFSTPPLAFLKSDSNSRFLKNPNPNFIQFTPKSQLLFPQRLNFNTGTNLNRRTLSCYGIKDSSETTKSAPSLDSGDGGGGDGGDDDKGEVEEKNRLFPEWLDFTSDDAQTVFVAIAVSLAFRYFIAEPRYIPSLSMYPTFDVGDRLVAEKVSYYFRKPCANDIVIFKSPPVLQEVGYTDADVFIKRIVAKEGDLVEVHNGKLMVNGVARNEKFILEPPGYEMTPIRVPENSVFVMGDNRNNSYDSHVWGPLPLKNIIGRSVFRYWPPNRVSGTVLEGGCAVDKQ"
"Q5IZC8","outer_membrane","thylakoid_membrane",0.51,"N_OM",0,"MEAVKEAVRKIKSLVIPHADEKDNGIVFEIKLNETDQRVEKWGLDPSLDFFEVTGNCNLGRPNSEGSNQSLMGSVTIRNIFNPKLDDLLSKIEYVRFLEAVKKPRNRTFKTSFFNSRKLSPVFTGGPGYEDLVPPMFVGRDCLKATITENLTRQRELTYGVMFEEIITRDENRRISENGLLLSPDGGISINGPPTTLSGTGIDHIATLQANITRDNTKLVNGAVVGEKNIFQVDQGLGIGNNFPLFNRHQLSLTSFIQLKQVEEGSDKPQPPVLVLHGRYGGCIGDLPSYDVFALGGPNSVRGYSMGELGAAKNILELGAEIRIPVKNTHVYAFAEHGNDLGSSKDVKGNPTGLYRKMGHGSSYGLGVKLGMVRAEYTVRHNRGTGALFLRFGERY"
"P19407","outer_membrane","thylakoid_membrane",0.51,"N_OM",0,"MESVAKPATTKEGSAKQAAIVVGVLALGWFAIQVAFIPLFNKVRGGGSDKKDDDVNAFTPDT"
"Q9STE8","outer_membrane","outer_membrane",0.51,"N_OM",0,"MAAFSVNGQLIPTATSSTASTSLSSRRKFLSPSSSRLPRISTQSPRVPSIKCSKSLPNRDTETSSKDSLLKNLAKPLAVASVSSAASFFLFRISNLPSVLTGGGGGGDGNFGGFGGGGGGGDGNDGGFWGKLFSPSPAVADEEQSPDWDSHGLPANIVVQLNKLSGFKKYKVSDIMFFDRRRQTTIGTEDSFFEMVSIRPGGVYTKAQLQKELETLATCGMFEKVDLEGKTKPDGTLGVTISFAESTWQSADRFRCINVGLMVQSKPIEMDSDMTDKEKLEYYRSLEKDYKRRIDRARPCLLPAPVYGEVMQMLRDQGKVSARLLQRIRDRVQKWYHDEGYACAQVVNFGNLNTKEVVCEVVEGDITQLVIQFQDKLGNVVEGNTQVPVVRRELPKQLRQGYVFNIEAGKKALSNINSLGLFSNIEVNPRPDEKNEGGIIVEIKLKELEQKSAEVSTEWSIVPGRGGAPTLASFQPGGSVTFEHRNLQGLNRSLMGSVTTSNFLNPQDDLSFKLEYVHPYLDGVYNPRNRTFKTSCFNSRKLSPVFTGGPGVEEVPPIWVDRAGVKANITENFTRQSKFTYGLVMEEITTRDESSHIAANGQRLLPSGGISADGPPTTLSGTGVDRMAFLQANITRDNTKFVNGAVVGQRTVFQVDQGLGIGSKFPFFNRHQLTMTKFIQLREVEQGAGKSPPPVLVLHGHYGGCVGDLPSYDAFVLGGPYSVRGYNMGELGAARNIAEVGAEIRIPVKNTHVYAFVEHGNDLGSSKDVKGNPTAVYRRTGQGSSYGAGVKLGLVRAEYAVDHNNGTGALFFRFGERY"
"Q9XII1","outer_membrane","thylakoid_membrane",0.51,"N_OM",0,"MEDEEGIGLILARATELRLKISDCIDNSSTTVSDNGDGNEDLSPGEGRKSEIIGNQDKDFDSISSEDVDEAEAERLLRIRDALEALESQLASLQNLRQRQQYEKQLALSEIDYSRKMLLEKLKEYKGKDFEVLRETTTFAGERVDYENDLLLPPYPVHPPLSLGLDNNNGYLSHLPSKKKSDANGFGSGHVRNEAEAKSPNGGSGGSSHGVIRFLGSVAKIVLPIIGVISLLSASGYGPEMRKRGASLNLFGLLPHRATRGKRTPNQCPPGKVLVIEDGEARCLVKERVEIPFDSVVAKRDVTYGYG"
"Q9FI46","outer_membrane","thylakoid_membrane",0.51,"N_OM",0,"MGTESGSDPESSSNGWSRARGLVVKTLVLIGGALLIKRLTKSTTRRDHARVVSRSLTGEKFTREQASRDPDNYFNIRMLSCPAAEMVDGSEVLYLEQAFWRTPQKPFRQRLYMVKPCPKELKCDVEVSSYAIRDAEEYKNFCDRPKDQRPLPEEVIGDIGEHLTTIHLNCCDRGKRCLYEGSTSPGGFPNSWNGASYCTSDLAVLKNNEIHLWDRGFDENRNQVWGPKEGPYEFKPATSSSINENLSALNILYQSSIDKPIQGSLILQD"
"Q9S7D1","outer_membrane","thylakoid_membrane",0.51,"N_OM",0,"MVKETLIPPSSTSMTTGTSSSSSLSMTLSSTNALSFLSKGWREVWDSADADLQLMRDRANSVKNLASTFDREIENFLNNSARSAFPVGSPSASSFSNEIGIMKKLQPKISEFRRVYSAPEISRKVMERWGPARAKLGMDLSAIKKAIVSEMELDERQGVLEMSRLRRRRNSDRVRFTEFFAEAERDGEAYFGDWEPIRSLKSRFKEFEKRSSLEILSGFKNSEFVEKLKTSFKSIYKETDEAKDVPPLDVPELLACLVRQSEPFLDQIGVRKDTCDRIVESLCKCKSQQLWRLPSAQASDLIENDNHGVDLDMRIASVLQSTGHHYDGGFWTDFVKPETPENKRHVAIVTTASLPWMTGTAVNPLFRAAYLAKAAKQSVTLVVPWLCESDQELVYPNNLTFSSPEEQESYIRKWLEERIGFKADFKISFYPGKFSKERRSIFPAGDTSQFISSKDADIAILEEPEHLNWYYHGKRWTDKFNHVVGIVHTNYLEYIKREKNGALQAFFVNHVNNWVTRAYCDKVLRLSAATQDLPKSVVCNVHGVNPKFLMIGEKIAEERSRGEQAFSKGAYFLGKMVWAKGYRELIDLMAKHKSELGSFNLDVYGNGEDAVEVQRAAKKHDLNLNFLKGRDHADDALHKYKVFINPSISDVLCTATAEALAMGKFVVCADHPSNEFFRSFPNCLTYKTSEDFVSKVQEAMTKEPLPLTPEQMYNLSWEAATQRFMEYSDLDKILNNGEGGRKMRKSRSVPSFNEVVDGGLAFSHYVLTGNDFLRLCTGATPRTKDYDNQHCKDLNLVPPHVHKPIFGW"
"Q38906","outer_membrane","outer_membrane",0.67,"N_OM",0,"MAALQTLREWIGIQQFPPATQSKLLEILGKYKEEDVSSLTVLVMGKGGVGKSSTVNSVIGEKAAAVSTFQSEGLRPTLVSRTRSGFTLNIIDTPGLIEGGYVNDQAINIIKRFLLNMTIDVLLYVDRLDVYRVDDLDRQVVGAITDAFGKEIWKKSALVLTHAQFSPPDGLNYNHFVSKRSNALLKVIQTGAQLKKQDLQGFSIPVILVENSGRCHKNESDEKILPCGTSWIPNLFNKITEISFNGNKAIHVDKKLVEGPNPNERGKKLIPLMFAFQYLLVMKPLVRAIKSDVSRESKPAWELRDSGLASRRS"
"G5DBJ0","outer_membrane,thylakoid_membrane","thylakoid_membrane",0.72,"NA","NA","MATTLISKLTLSSAFLGQQFSSRGNSMRSAPAGLFLRGPRCAATDTPYGGNIPQFPRVNVWDPYKRLGISRDASEEEVWSSRNFLLNQYYNHERSAESIEAAFEKILMASFINRKKTKINLKTRLKKKVEESPPWVQNLLSFVELPPPVIILRRLFLFGFMACWSVMNSTEAGPAFQVAISFGACVYFLNDKTKSLGRAALIGFGALVAGWFCGSLLVPMIPPNLLHPTWSLELLTSLFIYVSLFLGCTFLK"
"Q9M0Z3","outer_membrane,thylakoid_membrane","outer_membrane",0.97,"NA","NA","MAISTMLGSISCCPSPKGYEMVKQHSVRLKHCVFTVKSSVPVYSEGVNDGIKLHSFGNLVKKKVFLDTSKRFYFQGRWSESSGRRVETYAGVDVASAVDVINDLGFDTLTFLMVTVIIVPAFRILKASPILGFFFAGVVLNQFGLIRNLTDVKVLSEWGILFLLFEMGLELSLARLKALAKFAFGMGLTQVLLCTAAFTAFELPPNGAIGTKILEFLFHSRPDLVNIRSIDEAVVIGAALSLSSSAFVLQLLAEKGELPTRFGSATLGILLLQDIAVVPLLVILPVLESQDIGGESIWPMLAKESAKALGGLGILSLGGKFFLRRIFEVVAETRSSEAFVALCLLTVAGTSLVTQWLGFSDTLGAFLAGALLAETNFRTQIEADIRPFRGLLLGLFFVTTGTSIDMEVLFREWPNVLSLLGGLIVIKTLIITAIGPRVGLTIQESVRVGFLLSQGGEFAFVVFSLANRLGVLPNELNKLLIIVVVLSMALTPYLNQLGRKAADFLDERLDPGEKIGEDVNFDVSESIVIIGFGQMGQVLANFLSTPLVSDSDLVGWPYIGFDLNPAVVKESRKLGFPILYGDGSRPSVLQSAGVSSPKAIMIMYKGKKRTTEAVQRLRLAFPGSPIYARAQDLPHLLELKKAGATDAILENAETSLQLGSKLLTGFGVMSDDVSFLSKVFRDSMEIQAQEEITASETNAGLKPMQMKASDINVVSAATQKQVQLMKPMQMKASDSNSDSAAEILQETAGLSQPPEIDDSSVNIDNGFVGKADKAQD"
"Q43715","outer_membrane","thylakoid_membrane",0.51,"N_OM",0,"MRTSVIPNRLTPTLTTHPSRRRNDHITTRTSSLKCHLSPSSGDNNDSFNSSLLKTISTTVAVSSAAASAFFLTGSLHSPFPNFSGLNAAAGGGAGGGGGGSSSSGGGGGGWFNGDEGSFWSRILSPARAIADEPKSEDWDSHELPADITVLLGRLSGFKKYKISDILFFDRNKKSKVETQDSFLDMVSLKPGGVYTKAQLQKELESLATCGMFEKVDMEGKTNADGSLGLTISFAESMWERADRFRCINVGLMGQSKPVEMDPDMSEKEKIEFFRRQEREYKRRISSARPCLLPTSVHEEIKDMLAEQGRVSARLLQKIRDRVQSWYHEEGYACAQVVNFGNLNTREVVCEVVEGDITKLSIQYLDKLGNVVEGNTEGPVVQRELPKQLLPGHTFNIEAGKQALRNINSLALFSNIEVNPRPDEMNEGSIIVEIKLKELEQKSAEVSTEWSIVPGRGGRPTLASLQPGGTITFEHRNLQGLNRSLTGSVTTSNFLNPQDDLAFKMEYAHPYLDGVDNPRNRTLRVSCFNSRKLSPVFTGGPGVDEVPSIWVDRAGVKANITENFSRQSKFTYGLVMEEIITRDESNHICSNGQRVLPNGAISADGPPTTLSGTGIDRMAFLQANITRDNTRFVNGTIVGSRNMFQVDQGLGVGSNFPFFNRHQLTVTKFLQLMSVEEGAGKSPPPVLVLHGHYGGCVGDLPSYDAFTLGGPYSVRGYNMGEIGAARNILELAAEIRIPIKGTHVYAFAEHGTDLGSSKDVKGNPTVVYRRMGQGSSYGAGMKLGLVRAEYAVDHNSGTGAVFFRFGERF"
"Q9FK13","outer_membrane","thylakoid_membrane",0.51,"N_OM",0,"MGEMEIEEIEAVLEKIWDLHDKLSDEIHLISKSHFLKSVKPSNRSEKRKNPHGNSGEDKRPGYVFIKGFAVDDNDSTIQEAKSLNAIRTALENLEDQLEFFHTIHTQQRTEKDVAIARLEQSRILLAMRLAEHHGKNYGVLEEALAFVGSIKSNSHYVSPDHLYDSSRNPDGANSIPDGIESNFVINAFASTFGFAKRALGFNHVKGVLGNAAIFAISVVAMLHLHQVATSEHHLQKKEDRFYRSQQRKTYGRDKSSADRSLDHLDVMMARG"
"Q93Y07","outer_membrane","outer_membrane",0.51,"N_OM",0,"MELFALLIKVAGLLATVTVGANVVSYSRFRRQNLAKFRSPIDESKEVLADFNSIEHEEGKFFFGLATAPAHAEDDLDDAWLQFAKETPCSAEEAEAADKKARRKKVKLAVGAITKGLAKNTHGKEDKNAADKPPSKNVAAWHNAPHAEDRLKFWSDPDKEVKLAKDTGVTVFRMGVDWSRIMPVEPTKGIKEAVNYEAVEHYKWILKKVRSNGMKVMLTLFHHSLPPWAADYGGWKMEKTVDYFMDFTRIVVDSMYDLVDSWVTFNEPHIFTMLTYMCGSWPGNNPDFLEIATSTLPMGVFHRALHWMAVAHSKAYDYIHGKISLKKPLVGVAHHVSFMRPYGLFDIGAVTISNSLTIFPYIDSICEKLDFIGINYYGQEAVCGAGLKLVETDEYSESGRGVYPDGLYRVLLMFHERYKHLKVPFIVTENGVSDETDVIRRPYLIEHLLALYAAMLKGVPVLGYIFWTISDNWEWADGYGPKFGLVAVDRSHDLARTLRQSYHLFSKIVKSGKVTRKDRSLAWNELQKAAKAGKLRPFYRGVDNHNLMYADGLDKPQWRPFVDRDWRFGHYQMDGLQDPLSRVARTLLIWPLIMKKRIRKVKIKHTDDAGLVLHPALASPFD"
"Q9SVC4","outer_membrane","outer_membrane",0.55,"N_OM",0,"MGKTSGAKQATVVVAAMALGWLAIEIAFKPFLDKFRSSIDKSDPTKDPDDFDTAATATTSKEGL"
"Q9FN50","outer_membrane,thylakoid_membrane","thylakoid_membrane",0.59,"NA","NA","MSSSLLLSGSTVSSSFIAPSKPSLVRNSSKTSLLPFRNVSRSFKTVKCTVDSSYGGNVPTFPRTRVWDPYKRLGVSPYASEEEIWASRNFLLQQYAGHERSEESIEGAFEKLLMSSFIRRKKTKINLKSKLKKKVEESPPWLKALLDFVEMPPMDTIFRRLFLFAFMGGWSIMNSAEGGPAFQVAVSLAACVYFLNEKTKSLGRACLIGIGALVAGWFCGSLIIPMIPTFLIQPTWTLELLTSLVAYVFLFLSCTFLK"
"O23680","outer_membrane","outer_membrane",0.68,"N_OM",0,"MGSLVREWVGFQQFPAATQEKLIEFFGKLKQKDMNSMTVLVLGKGGVGKSSTVNSLIGEQVVRVSPFQAEGLRPVMVSRTMGGFTINIIDTPGLVEAGYVNHQALELIKGFLVNRTIDVLLYVDRLDVYRVDELDKQVVIAITQTFGKEIWCKTLLVLTHAQFSPPDELSYETFSSKRSDSLLKTIRAGSKMRKQEFEDSAIAVVYAENSGRCSKNDKDEKALPNGEAWIPNLVKAITDVATNQRKAIHVDKKMVDGSYSDDKGKKLIPLIIGAQYLIVKMIQGAIRNDIKTSGKPL"
"Q9LI74","outer_membrane","outer_membrane",0.67,"N_OM",0,"MFVRIGFVVAASIAAVTVKRLNVKPSKPSKPSDNGEGGDKEQSVDPDYNLNDKNLQEEEEEEEEEVKLINSVINQTRGSFSDYLDDDILPEFEDLLSGEIEYPLPDDDNNLEKAEKERKYEVEMAYNDGELERLKQLVKELEEREVKLEGELLEYYGLKEQESDIVELQRQLKIKTVEIDMLNITINSLQAERKKLQEELSQNGIVRKELEVARNKIKELQRQIQLDANQTKGQLLLLKQHVSSLQMKEEEAMNKDTEVERKLKAVQDLEVQVMELKRKNRELQHEKRELSIKLDSAEARIATLSNMTESDKVAKVREEVNNLKHNNEDLLKQVEGLQMNRFSEVEELVYLRWVNACLRYELRNYQTPAGKISARDLSKNLSPKSQAKAKRLMLEYAGSERGQGDTDLESNYSQPSSPGSDDFDNASMDSSTSRFSSFSKKPGLIQKLKKWGKSKDDSSVQSSPSRSFYGGSPGRLSSSMNKQRGPLESLMIRNAGESVAITTFGQVDQESPGTPETPNLPRIRTQQQASSPGEGLNSVAASFHVMSKSVDNVLDEKYPAYKDRHKLAVEREKHIKHKADQARAERFGGNVALPPKLAQLKEKRVVVPSVITATGDQSNESNESNEGKASENAATVTKMKLVDIEKRPPRVPRPPPRSAGGGKSTNLPSARPPLPGGGPPPPPPPPGGGPPPPPGGGPPPPPPPPGALGRGAGGGNKVHRAPELVEFYQSLMKRESKKEGAPSLISSGTGNSSAARNNMIGEIENRSTFLLAVKADVETQGDFVQSLATEVRASSFTDIEDLLAFVSWLDEELSFLVDERAVLKHFDWPEGKADALREAAFEYQDLMKLEKQVTSFVDDPNLSCEPALKKMYKLLEKVEQSVYALLRTRDMAISRYKEFGIPVDWLSDTGVVGKIKLSSVQLAKKYMKRVAYELDSVSGSDKDPNREFLLLQGVRFAFRVHQFAGGFDAESMKAFEELRSRAKTESGDNNNNNNNNSNEEESVN"
"Q8W1S1","outer_membrane","outer_membrane",0.51,"N_OM",0,"MTNQQEQHIAIFTTASIPWLTGTAVNPLFRAAYLANDGERRVTLVIPWLTLKHQKLVYPNSITFSSPSEQEAYVRQWLEERVSFRLAFEIRFYPGKFAIDKRSILPVGDISDAIPDEEADIAVLEEPEHLTWFHHGQKWKTKFNYVIGIVHTNYLEYVKREKQGRVKAFFLKYLNSWVVGIYCHKVIRLSAATQEYPKSIVCNVHGVNPKFLEIGLRKLEQQKLQEQPFTKGAYYIGKMVWSKGYKELLKLLEKHQKELAELEVDLYGDGEDSEEIKEAARKLDLTVNVYPGRDHADSLFHNYKVFLNPSTTDVVCTTTAEALAMGKIVVCANHISNKFFKQFPNCRTYDDGQGFVRATLKALGEQPSQLTEQQRHELSWEAATQRFIKVSDLNRLSRADSNLSKRSVFASSSISVGKNLEDMSAYIHFLASGFEASRTAFGAIPGSLQPDEELCRDLGLSLNTPSPNTRKQD"
"Q0WMZ5","outer_membrane","thylakoid_membrane",0.51,"N_OM",0,"MEKSGGRIVMDEIRSFEKAHLFDLGHPLLNRIADSFVKAAGVGALQAVSREAYFTVVDGAGFDSNNVGPPSEITGNKKHRFPNLRGESSKSLDALVKNTGKESLQWGLAAGLYSGITYGMTEVRGGAHDWRNSAVAGALTGAAMAMTTSERTSHEQVVQSALTGAAISTAANLLSSVF"
"O80565","outer_membrane","thylakoid_membrane",0.51,"N_OM",0,"MADPSSQNPNLATPPPPSSPSPTHQIQSGTSELSPPSRPPCSTLSFLKTANRPKLRVTSEFDSDSLLFLNKVSCKLFDNLAKLKLSFQNNSQREISQPQVSFTSKHVSVLYDVEEKNTFIKSTLDVHPRLQLRALHNVKAQQGEVAMEANLTEPGYSLELSSPVPIGYPRATLKFPLGEISLQEKDEEEEEKQKRTLSVNGILKRQVMNGVCTALYTDEELRLRYAYKDDALSFIPSISLPSNAASFAFKRRFSPSDKLSYWYNFDSNMWSAVYKRTYGKDYKLKAGYDSDVRLGWASLWVGDEAGKVKTTPMKMKVQFMLQVPQDDIKSSVLMFRVKKRWDI"
"Q9SEK3","outer_membrane","outer_membrane",0.51,"N_OM",0,"MRKAAVGAAVVCTAAVCAAAAVLVRQRMKSSSKWGRVMAILKELDDNCGTPLGKLRQVADAMTVEMHAGLASEGASKLKMLISYVDNLPTGDEHGLFYALDLGGTNFRVLRVKLGGKEKRVVEQEFDEVSIPPELMVGTSEQLFDYIAEALAKFVATESEGLHPEPNKQRELGFTFSFPVKQTSIASGTLIRWTKGFNIEDTVGEDVVAELTKAMLRKGVDMRVTALVNDTVGTLAGGRYYKEDVIAAVILGTGTNAAYVERASAIHKWHGPLPKSGEMVINMEWGNFRSSYLPLTEYDIALDEESLNPGEQIFEKMISGMYLGEIVRRVLYRMADEASLFGDTVPSKLKTPFILRTPDMSAMHHDTSPDLKVVASKLKDVLGIPNSSLKVRKIIVDVCDVIASRGACISAAGILGIIKKLGRDTLKQGENQKSVIALDGGLFEHYAKFRECMEDSLKELLGDEVAETIVIEHSNDGSGIGAALLAASHSQYLEEDES"
"Q9LZH8","outer_membrane","outer_membrane",0.71,"N_OM",0,"MEEELLSAVPCSSLTVESVLRVATAGGLYGLCAGPRDARKIGLSGVSQASFVAKSIGRFGFQCGLVSGVFTMTHCGLQRYRGKNDWVNALVGGAVAGAAVAISTRNWTQVVGMAGLVSAFSVLANCTRTENPNNTN"
"O81283","NA","outer_membrane",0.51,"N_OM",0,"MDSKSVTPEPTNPFYASSGQSGKTYASVVAAAAAAAADKEDGGAVSSAKELDSSSEAVSGNSDKVGADDLSDSEKEKPNLVGDGKVSDEVDGSLKEDSTTPEATPKPEVVSGETIGVDDVSSLSPKPEAVSDGVGVVEENKKVKEDVEDIKDDGESKIENGSVDVDVKQASTDGESESKVKDVEEEDVGTKKDDEGESELGGKVDVDDKSDNVIEEEGVELTDKGDVIVNSSPVESVHVDVAKPGVVVVGDAEGSEELKINADAETLEVANKFDQIGDDDSGEFEPVSDKAIEEVEEKFTSESDSIADSSKLESVDTSAVEPEVVAAESGSEPKDVEKANGLEKGMTYAEVIKAASAVADNGTKEEESVLGGIVDDAEEGVKLNNKGDFVVDSSAIEAVNVDVAKPGVVVVGDVEVSEVLETDGNIPDVHNKFDPIGQGEGGEVELESDKATEEGGGKLVSEGDSMVDSSVVDSVDADINVAEPGVVVVGAAKEAVIKEDDKDDEVDKTISNIEEPDDLTAAYDGNFELAVKEISEAAKVEPDEPKVGVEVEELPVSESLKVGSVDAEEDSIPAAESQFEVRKVVEGDSAEEDENKLPVEDIVSSREFSFGGKEVDQEPSGEGVTRVDGSESEEETEEMIFGSSEAAKQFLAELEKASSGIEAHSDEANISNNMSDRIDGQIVTDSDEDVDTEDEGEEKMFDTAALAALLKAATGGGSSEGGNFTITSQDGTKLFSMDRPAGLSSSLRPLKPAAAPRANRSNIFSNSNVTMADETEINLSEEEKQKLEKLQSLRVKFLRLLQRLGHSAEDSIAAQVLYRLALLAGRQAGQLFSLDAAKKKAVESEAEGNEELIFSLNILVLGKAGVGKSATINSILGNQIASIDAFGLSTTSVREISGTVNGVKITFIDTPGLKSAAMDQSTNAKMLSSVKKVMKKCPPDIVLYVDRLDTQTRDLNNLPLLRTITASLGTSIWKNAIVTLTHAASAPPDGPSGTPLSYDVFVAQCSHIVQQSIGQAVGDLRLMNPSLMNPVSLVENHPLCRKNREGVKVLPNGQTWRSQLLLLCYSLKVLSETNSLLRPQEPLDHRKVFGFRVRSPPLPYLLSWLLQSRAHPKLPGDQGGDSVDSDIEIDDVSDSEQEDGEDDEYDQLPPFKPLRKTQLAKLSNEQRKAYFEEYDYRVKLLQKKQWREELKRMKEMKKNGKKLGESEFGYPGEEDDPENGAPAAVPVPLPDMVLPPSFDSDNSAYRYRYLEPTSQLLTRPVLDTHGWDHDCGYDGVNAEHSLALASRFPATATVQVTKDKKEFNIHLDSSVSAKHGENGSTMAGFDIQNVGKQLAYVVRGETKFKNLRKNKTTVGGSVTFLGENIATGVKLEDQIALGKRLVLVGSTGTMRSQGDSAYGANLEVRLREADFPIGQDQSSFGLSLVKWRGDLALGANLQSQVSVGRNSKIALRAGLNNKMSGQITVRTSSSDQLQIALTAILPIAMSIYKSIRPEATNDKYSMY"
"Q9SLF3","NA","outer_membrane",0.51,"N_OM",0,"MGDGTEFVVRSDREDKKLAEDRISDEQVVKNELVRSDEVRDDNEDEVFEEAIGSENDEQEEEEDPKRELFESDDLPLVETLKSSMVEHEVEDFEEAVGDLDETSSNEGGVKDFTAVGESHGAGEAEFDVLATKMNGDKGEGGGGGSYDKVESSLDVVDTTENATSTNTNGSNLAAEHVGIENGKTHSFLGNGIASPKNKEVVAEVIPKDDGIEEPWNDGIEVDNWEERVDGIQTEQEVEEGEGTTENQFEKRTEEEVVEGEGTSKNLFEKQTEQDVVEGEGTSKDLFENGSVCMDSESEAERNGETGAAYTSNIVTNASGDNEVSSAVTSSPLEESSSGEKGETEGDSTCLKPEQHLASSPHSYPESTEVHSNSGSPGVTSREHKPVQSANGGHDVQSPQPNKELEKQQSSRVHVDPEITENSHVETEPEVVSSVSPTESRSNPAALPPARPAGLGRASPLLEPASRAPQQSRVNGNGSHNQFQQAEDSTTTEADEHDETREKLQLIRVKFLRLAHRLGQTPHNVVVAQVLYRLGLAEQLRGRNGSRVGAFSFDRASAMAEQLEAAGQDPLDFSCTIMVLGKSGVGKSATINSIFDEVKFCTDAFQMGTKRVQDVEGLVQGIKVRVIDTPGLLPSWSDQAKNEKILNSVKAFIKKNPPDIVLYLDRLDMQSRDSGDMPLLRTISDVFGPSIWFNAIVGLTHAASVPPDGPNGTASSYDMFVTQRSHVIQQAIRQAAGDMRLMNPVSLVENHSACRTNRAGQRVLPNGQVWKPHLLLLSFASKILAEANALLKLQDNIPGRPFAARSKAPPLPFLLSSLLQSRPQPKLPEQQYGDEEDEDDLEESSDSDEESEYDQLPPFKSLTKAQMATLSKSQKKQYLDEMEYREKLLMKKQMKEERKRRKMFKKFAAEIKDLPDGYSENVEEESGGPASVPVPMPDLSLPASFDSDNPTHRYRYLDSSNQWLVRPVLETHGWDHDIGYEGVNAERLFVVKEKIPISVSGQVTKDKKDANVQLEMASSVKHGEGKSTSLGFDMQTVGKELAYTLRSETRFNNFRRNKAAAGLSVTHLGDSVSAGLKVEDKFIASKWFRIVMSGGAMTSRGDFAYGGTLEAQLRDKDYPLGRFLTTLGLSVMDWHGDLAIGGNIQSQVPIGRSSNLIARANLNNRGAGQVSVRVNSSEQLQLAMVAIVPLFKKLLSYYYPQTQYGQ"
"Q9M903","NA","thylakoid_membrane",0.57,"N_OM",0,"MNRMRWVGEGDIWDLDMSTPVTLEGTARAVPDDPLPLGLSRGTRLSRPKQVEFFHRFMASPLIPSFSPIRPNTGDGGGGGFSLQRVLTLPFSNNWLVSLLGQFDVQRFVTEIDKTKAFGRGSSSTVASRLNTIGKHLKDKSLYALGFCSEFLLSPDDTLLLSYDAYKGDLDKNPRAKAIFNHEFPLHNLTAEAVWPGLFVDKHGEYWDVPLSMAIDLASLPAESGPSYHLCLHHNSGSPKKLHSDTMEVPPPSLLPGLSLKSAVSYRTNMDLWRGTTPKLETCKPYDVFLSSPHVAVSGIIGSVMTAAFGENSIRSKFENDSEGVGGFSLHFPSVNSGFMADALGRASLTAQYGNFQKFFFDLTRFHARLDFPHGLRFLTGATSVAQDLLNSRQPSLEAFQKICPEVLVSLQQQIVGPFSFKVESGIEIDLRNGANPVTVDKTVFAIEYALQVLLSAKAVVSYSPKQNEFMVELRFFET"
"O82730","NA","outer_membrane",0.51,"N_OM",0,"MATTVMALAEKVLERVYGTSKSAVSVTSGDGEKTHRHTHHHIHRIKSYDDIDEDESSLELIQIGAERTKNVLILMSDTGGGHRASAEAIRDAFKIEFGDKYRVIVKDVWKEYTGWPLNDMERSYKFMVKHVQLWKVAFHSTSPKWIHSCYLAAIAAYYAKEVEAGLMEYKPEIIISVHPLMQHIPLWVLKWQELQKRVLFVTVITDLNTCHPTWFHPGVNRCYCPSQEVAKRALFDGLDESQVRVFGLPVRPSFARAVLVKDDLRKELEMDQDLRAVLLMGGGEGMGPVKETAKALEEFLYDKENRKPIGQMVVICGRNKKLASALEAIDWKIPVKVRGFETQMEKWMGACDCIITKAGPGTIAESLIRSLPIILNDYIPGQEKGNVPYVVENGAGVFTRSPKETARIVGEWFSTKTDELEQTSDNARKLAQPEAVFDIVKDIDELSEQRGPLASVSYNLTSSFASLV"
"Q9ZV24","NA","thylakoid_membrane",0.51,"N_OM",0,"MPSSTFSGTVSTPKLSVAVDMGNPFLNLTVDAFLKIGAVGVTKSLAEDTYKAIDKGSLSKSTLEHALKKLCKEGVYWGAAGGVYIGTEYGIERIRGSRDWKNAMLAGAATGAVLSAVGKKGKDTIVIDAILGGALATASQFVNNHYFY"
"O48528","NA","outer_membrane",0.51,"N_OM",1,"MDPAEMRYLEEEDGPLMKTIKGSITGFGAGTIYGTILATWKDVPRVERNVALPGLIRTLKMMGTHGLTFAAIGGVYIGVEQLVQNFRSKRDFYNGAIGGFVAGASVLGYRARSIPTAIAAGATLAVTSALIDSGGQTTRVDNGREYYPYTVEKRAEADS"
"Q9MUK5","NA","thylakoid_lumen",0.51,"N_OM",0,"MKSMASPSSQIWVILGLGLAGIYVLTRKLTQAVKEDFGAFLLKLKLLPPPPPAPPKAPHPLSSLNFAISDIFDIEGHVSTFGHPEWARTHEPASSTASAVSALVESGATCIGTTVVDELAYGISGENKHFGTPTNPAVPNRVPGGSSSGAAVAVAANFVDFSLGVDTSGGVRVPAGFCGILGFRPSHGAVSHVGIIPVSTSLDTVGWFAKDPDVLRRVGHILLQAPFVMQRNPRQIIIADDCFQHLNVPLDRTSQVVIKATEKLFGKQVLKHINFEDYISSKVSSLKACSIQKSNGVLKSSSLKLLANVMQSLQRHEFEHTHSEWMSIVKPDLHPAVSAQLHEKFEVSELEIENSKSVRSELRVAVNSLLKDEGVLVIPTVADPPPKLGGKEFLSHDYQSRALSLLSIASISGCCQVTVPLGFFDKNPVSVSLIARHGGDRFLLDTLKTMYTVLQEQADIAAPSKSSKSVVSKEQSAEISKEKGNQAYKDKQWQKAIGFYTEAIKLCGNNATYYSNRAQAYLELGSYLQAEEDCTTAISFDKKNVKAYFRRGTAREMLGYYKEAIDDFKYALVLEPTNKRAASSAERLRKLFQ"
"Q84Q83","NA","thylakoid_membrane",0.51,"N_OM",0,"MALTSQSLFFSPLAAGPSRRVRGRGRSTSVSAAASASSHNSQPHGHPQQPLAVASSSSKSESKGSKTFALASAITAAASGAFLLASSGGGFGGGAGGPLGGGGGGWGAGGGGGGGGGGGGGGFWSRIFSGGAAHADEKSSGDWDPHGLPANINVPMTKLSGLKRYKISELKFFDRAAGGGGAFTGPEDSFFEMVTLQPGGVYTKSQLLKELETLVSCGMFERVDLEGKAKPDGTLGLTVSFVESVWSAAKQFKCINVGLMSQSGQVDFDQDMTEREKMDYLRKQERDYQQRVRGAKPCILPDNVRGEVLGMMKKQEKVSARLLQRIRDHVQKWYHNEGFVCAQVVNFGNLNTSEVVCEVVEGDITKVEYQFQDKLGNFVEGNTQIPIIDRELPQQLRPGHIFNIGAGKQALKNINSLALFSNIEVNPRPDETKEGGIVVEIKLKELEPKSAEVSTEWSIVPGREGRPTLASIQPGGTVSFEHRNIYGLNRSIVGSVTSSNLLNPQDDLSFKLEYVHPYLDGVDDRNKNRTFKTSCFNTRKLSPVFVAGPNMDEAPPVWVDRVGFKANITESFTRQSKFTYGLVVEEITTRDETNSICTHGSRAMPSGGLSMDGPPTTLSGTGIDRMAFLQANITRDNTEFVNGAVIGDRCIFQLDQGLGIGSKNPFFNRHQLTLTKFVNLNKQEKGAGKPLPAVLVLHGHYAGCVGDLPSYDAFTLGGPYSVRGYGMGELGASRNVLEVASELRIPVRNTYVYGFVEHGTDLGSSKDVKGNPTEFFRRVGHGSSYGLGVKLGLVRGEYIVDHNAGTGTVFFRFGERF"
"Q9LUS2","NA","outer_membrane",0.51,"N_OM",0,"MGDGAEIVTRLYGDEKKLAEDGRISELVGSDEVKDNEEEVFEEAIGSQEGLKPESLKTDVLQEDFPLASNDEVCDLEETSRNERGVENLKVNYSEIGESHGEVNEQCITTKEADSDLVTLKMNDYDHGEVADADISYGKMASSLDVVENSEKATSNLATEDVNLENGNTHSSSENGVVSPDENKELVAEVISVSACSVETGSNGIDDEKWEEEIDVSAGMVTEQRNGKTGAEFNSVKIVSGDKSLNDSIEVAAGTLSPLEKSSSEEKGETESQNSNGGHDIQSNKEIVKQQDSSVNIGPEIKESQHMERESEVLSSVSPTESRSDTAALPPARPAGLGRAAPLLEPAPRVTQQPRVNGNVSHNQPQQAEDSTTAETDEHDETREKLQFIRVKFLRLSHRLGQTPHNVVVAQVLYRLGLAEQLRGRNGSRVGAFSFDRASAMAEQLEAAAQDPLDFSCTIMVLGKSGVGKSATINSIFDELKISTDAFQVGTKKVQDIEGFVQGIKVRVIDTPGLLPSWSDQHKNEKILKSVRAFIKKSPPDIVLYLDRLDMQSRDSGDMPLLRTITDVFGPSIWFNAIVGLTHAASAPPDGPNGTASSYDMFVTQRSHVIQQAIRQAAGDMRLMNPVSLVENHSACRTNRAGQRVLPNGQVWKPHLLLLSFASKILAEANALLKLQDNIPGGQFATRSKAPPLPLLLSSLLQSRPQAKLPEQQYDDEDDEDDLDESSDSEEESEYDELPPFKRLTKAEMTKLSKSQKKEYLDEMEYREKLFMKRQMKEERKRRKLLKKFAAEIKDMPNGYSENVEEERSEPASVPVPMPDLSLPASFDSDNPTHRYRYLDTSNQWLVRPVLETHGWDHDIGYEGVNAERLFVVKDKIPVSFSGQVTKDKKDAHVQLELASSVKHGEGRSTSLGFDMQNAGKELAYTIRSETRFNKFRKNKAAAGLSVTLLGDSVSAGLKVEDKLIANKRFRMVMSGGAMTSRGDVAYGGTLEAQFRDKDYPLGRFLSTLGLSVMDWHGDLAIGGNIQSQVPIGRSSNLIARANLNNRGAGQVSIRVNSSEQLQLAVVALVPLFKKLLTYYSPEQMQYGH"
"Q9SM57","NA","thylakoid_membrane",0.51,"N_OM",0,"METSLRYGGDSKALKIHAKEKLRIDTNTFFQVRGGLDTKTGQPSSGSALIRHFYPNFSATLGVGVRYDKQDSVGVRYAKNDKLRYTVLAKKTFPVTNDGLVNFKIKGGCDVDQDFKEWKSRGGAEFSWNVFNFQKDQDVRLRIGYEAFEQVPYLQIRENNWTFNADYKGRWNVRYDL"
"Q94EH2","NA","thylakoid_membrane",0.51,"N_OM",0,"MAANDSSNAIDIDGNLDSDSNLNTDGDEATDNDSSKALVTIPAPAVCLFRFAGDAAGGAVMGSIFGYGSGLFKKKGFKGSFADAGQSAKTFAVLSGVHSLVVCLLKQIRGKDDAINVGVAGCCTGLALSFPGAPQALLQSCLTFGAFSFILEGLNKRQTALAHSVSLRHQTGLFQDHHRALPLSLALPIPEEIKGAFSSFCKSLAKPRKF"
"Q6S5G3","NA","outer_membrane",0.51,"N_OM",1,"MKGFKDWVFALSNSMASSRPLLGSDPFFRDPHQEQDNHSQAPAAPQPVTLSEPPCSTSSDLEILPPLSQQQVPLESLYQSSIDLNGKKHNPLAKIGGLQVQFLRLVQRFGQSQNNILVSKVLYRVHLAMLIRAEESELKNVKLRQDRAKALAREQESSGIPELDFSLRILVLGKTGVGKSATINSIFGQPKSETDAFRPGTDRIEEVMGTVSGVKVTFIDTPGFHPLSSSSTRKNRKILLSIKRYVKKRPPDVVLYLDRLDMIDMRYSDFSLLQLITEIFGAAIWLNTILVMTHSAATTEGRNGQSVNYESYVGQRMDVVQHYIHQAVSDTKLENPVLLVENHPSCKKNLAGEYVLPNGVVWKPQFMFLCVCTKVLGDVQSLLRFRDSIGLGQPSSTRTASLPHLLSVFLRRRLSSGADETEKEIDKLLNLDLEEEDEYDQLPTIRILGKSRFEKLSKSQKKEYLDELDYRETLYLKKQLKEECRRRRDEKLVEEENLEDTEQRDQAAVPLPDMAGPDSFDSDFPAHRYRCVSAGDQWLVRPVYDPQGWDRDVGFDGINIETAAKINRNLFASATGQVSRDKQRFTIQSETNAAYTRNFREQTFSVAVDLQSSGEDLVYSFQGGTKLQTFKHNTTDVGVGLTSFGGKYYVGGKLEDTLLVGKRVKLTANAGQMRGSGQTANGGSFEACIRGRDYPVRNEQIGLTMTALSFKRELVLNYGLQTQFRPARGTNIDVNINMNNRKMGKINVKLNSSEHWEIALISALTMFKALVRRSKTEMTEENEEEKIVNFLVS"
"A8HYJ1","NA","outer_membrane",0.58,"N_OM",0,"MAQPPRPAEEYDDDVQEDEDELKEGELDDDESHEAASEGGEAAAGDEEAEDDEQDEEDGDEDSQPWAGLNRLPERDDMLDILNELRAEGRKQLTVLLLGKSSVGKSSLINSLLGEAVVRVQAFKLQADTDITTTVVRQVAVGNSEVDGFRLKLIDTCGLEDPEAGDTVNLGALSKIAEDVRGVGIDVVLYCDRLDLYRVDPLDKAIIDAISSTFGRGIWRRTVVALTHANLVQTPPGTDYDSFVNGRVRLIRGAVRGPLFFRPSLPVALVENSETCPVSSESGFRVLPDGEPWLVALVSQLVDMAAARRRPYKYHPRLSSKPSHRFRWLLPVAIAAEVLFYRRFLHPRLDDNQRRVEREEERVWALRGQQRRALGLHRPHRPDKDAAWRLEQMYDDD"
"Q41050","NA","outer_membrane",0.51,"N_OM",0,"MPRSSFSGSLSSPKLDVVIDMGNPFLNLTVDGFLKIGAVAATRSVAEDTFHIIRKGSISSNDFEKSLKKMCKEGAYWGAIAGVYVGMEYGVERIRGTRDWKNAMFGGAVTGALVSAASNNKKDKIAVDAITGAAIATAAEFINYLT"
"Q9AYU1","NA","outer_membrane",0.51,"N_OM",0,"MAGKLMRAVQYDGYGGGAAGLKHVEVPIPSPGKGEVLIKLEAISLNQLDWKLQNGMVRPFLPRKFPFIPATDVAGEVVRIGQDVKNFKPGDKVVAMLGSFGGGGLAEYGVASEKLTVHRPPEVSAAESSGLPIAGLTAHMALTQHIGLNLDKSGPHKNILITAASGGVGQYAVQLAKLGNTHVTATCGSRNFDLVKSLGADEVIDYKTPEGAALKSPSGKKYDAVIHCASPLPWSVFKPNLSKHGKVIDITPGPRVMLTSAMTKLTCSKKRLVTLLVVIKGEHLSYLVELMREGKLKTVIDSKFSLSKAEEAWAKSIDGHATGKIVVEP"
"Q6H7M7","NA","thylakoid_lumen",0.51,"N_OM",1,"MGTRRDVRFVSSGVKLPCADAAPAPAPAPTLLSAALPFARIGRAIDGVVRHVARSLPRLPVARAETGAGAAAAPIALPRRQKDGGGGGGGEERVLISEVAVRGKDGEPLERPELEAAAAAALRACRPNAALTVREVQEDVHRVVESGLFRSCMPVAVDTRDGIRLVFEVEPNQDFHGLVCEGANMLPSKFLEDAFHDRHGKIINIRHLDQVIKSVNGWYQERGLTGLVSYAEILSGGILRLQVSEAEVNNINIRFLDRRTGEPTVGKTQPETILRHLTTKKGQAYNRAQVKRDVETILTMGIMEDVTIIPQPVGDSNKVDLVMNLVERPSGGFSAGGGISSGITNGPLSGLIGSFAYSHRNVFGRNKKLNLSLERGQIDSIFRLNYTDPWIDGDNKRTSRTIMVQNSRTPGTLIHGGDHPDHGPITIGRVTAGIEYSRPFRPKWSGTLGLIFQHAGARDDKGNPIIRDFYNSQLTASGNAYDDTLLAKLESVYTDSGDRSSTMFVFNIEQGLPILPEWLSFNRVTARLRQGYEIGPARLLLSASGGHVEGNFSPHEAFAIGGTNSVRGYEEGAVGSGRSYAVGSGEVSCRMFGPLEGVVFGDYGSDLSSGPKVPGDPAGARGKPGSGYGYGVGVRVDSPLGPLRLEYAFNDKQARRFHFGVGYRN"
"K4CF70","NA","outer_membrane",0.91,"N_OM",0,"MNSAPLSTPAPVTLPVRSIPGSYGLPLVGPIADRLDYFWFQKPENFFTKRMEKHKSTVFRTNVPPCFPFFGSVNPNVVAVLDVKSFSHLFDMEIVEKANVLVGDFMPSVVYTGDMRVCAYLDTSEPKHAQIKNFSQDILKRGSKTWVPTLLKELDTMFTTFEADLSKSNTASLLPALQKFLFNFFSLTILGADPSVSPEIANSGYIFLDSWLAIQLAPTVSIGVLQPLEEILVHSFAYPFFLVKGNYEKLVQFVKNEAKEVLSRAQTEFQLTEQEAIHNLLFILGFNAFGGFSIFLPTLLGNLGDEKNADMQEKLRKEVRDKVGVNPENLSFESVKEMELVQSFVYETLRLSPPVPSQYARARKDFKLSSHDSVYEIKKGELLCGYQPLVMKDPKVFDEPEKFVLERFTKEKGKELLNYLFWSNGPQTGRPTESNKQCAAKDMVTLTASLIVAYIFQKYDSVSFSSGSLTSVKKAS"
"Q6DW75","NA","thylakoid_membrane",0.51,"N_OM",0,"MDKKEHIAIFTTASLPWLTGTAVNPLFRAAYLAKSGERDVTLVIPWLSLKDQRLVYPNNITFASPSEHEKYICQWLEERVGFTSGFSIQFYPGKFSRDKRSILAVGDISEIIPDKVADIAVLEEPEHLTWYHHGKRWKTKFRLVIGIIHTNYLEYVKREKNGVMQAFLLKYLNNWVVSIYCHKVIRLSAATQDYTGSIICNVHGVNPKFLEIGKKKREQQQKGEHAFTKGAYFIGKMIWSKGYKELLQLLKDHEKELSALEVDLFGSGEDSDEVQKAAEKLELAVRVHPARDHADALFHDYKLFLNPSTTDVVCTTTAEALAMGKIVVCANHPSNDFFKQFPNCWTYDDDDGFVKLTLKALAEQPAQPTDAQRHDLSWEAATKRFLKAADLDKPLERKLSRTTSNFLAASLNLQEKVDEASAYVHHVASGFEVSRRIFGAIPDSLQPDEELRKELGLTDASTK"
"Q9FPG2","NA","thylakoid_membrane",0.51,"N_OM",0,"METSMRYTSNSKSMKIHAKEKVPVNSKTHLQLHGELDTGTGAPSYFCAMIRHFFPEASTGLGVGLHYDKRQKLRCLVRGKKEFPVRADKRVTFNIKGRCDIDQDLNQKNPKGAAEFAWNIMDFKEDQDVRIKVGYEMFDKVPYMQIRENNWTLNANMKGKWNLRYDL"
"B7ZWR6","NA","inner_membrane",0.51,"N_OM",0,"MFNGLMDPEMIRLAQDQMSRMTPADFARIQQQMMSNPDLMNMATESMKNMRPEDLKQAAEQLKHTRPEDMAEISEKMAKASPEDIAAMRAHADAQFTYQINAAQMLKKQGNELHSRGNFSDAAEKYLRAKNNLKEIPSSKGGAILLACSLNLMSCYLKTNQHEECIKEGSEVLGYDARNVKALYRRGQAYRDLGLFEDAVSDLSKAHEVSPEDETIADVLRDVKERLAVEGPGKASRGVVIEDITEENNVTSGENKKPSKEANGHAQGVKTDVDGLQALRDNPEAIRTFQNFISKTDPDTLAALSGGKAGDMSPDMFKTASSMIGKMSPEEIQKMVQTASSFKGDNPFAPTAPSTENGFTPTPDMLKLASDMMGKMSPEERERMFNMASSLKANAPASTSYGNAEASEPRESLGASGSSSGNSFVAPRSGFEPSIPSAPPADLQEQMRNQMKDPAMRQMFTSMIKNMNPEMMASMSEQFGMKLSQEDAAKAQQAMASLSPDALEKMMRWADRAQTGMEKAKKAKKWLFGKGGLIFAILMLVLAMVLHRLGYIGN"
"Q4LDF9","NA","thylakoid_membrane",0.51,"N_OM",0,"MDSATRNPNYSPEVDPQPLPSTNPIHSRPIFSFPKRPALRITTEFDSESTVFFHKISCKFLDSLAKLKFAFHNNSKGEIAEPQISFVSKYLSLHYDLEDHSALVKSSVDVGPKLKLIGTHDVKAQQGEVTMVANLDDPGYALQLSTPLPSIALPKATFKFPQGEISLQEINDHDEDEQVKNSLSVSGTLKGQLLKGLCTAQYKDQEFKLRYRYKDDEMSFLPILSLPSNALSFAFKRRFGPSDKLSYWYNCDSNYWSAVYKHTYGEDFKFKAGYDSEVRLGWASLWVGDEGGKAKTAPMKMKVQFMLQVPQDDIKSSVLMFRVKKRWDI"
"Q6K965","NA","thylakoid_membrane",0.51,"N_OM",0,"METSLRLRGGGSRPQSKSQEGLRIHAKEKLPIASNALLQAHGEIHAATGAPTYLALLFRNFYPRLSANLGLGLAIHFRNNQPLPLAWDNFSYTLRASKAIIPFPSNALLGINLKGRLLADKYFNPTARTAAVELAWTILDLKRGQDVRLKLGYQLLHKMPYFQLRENNWTFNAYMDGKWDVRFDL"
"Q6ID99","NA","thylakoid_membrane",0.51,"N_OM",0,"METSLRYATNSRSLKIHAKEKFPVNSKTRLQLHGELDTGAGVPSYFCAMIRYFFHEASTNLGVGLHYDKREKLRCLVRGKKKFPVITDEVVTFNIKGRCDFDQDLVQRNAKGAAEFDWNIWKFQKDQDLRLRIGYEMFEKVPYMQIRENNWTFNTNLKGKWNVRYDL"
"Q75IQ4","NA","thylakoid_membrane",0.51,"N_OM",0,"MKATVKGRYEGDKATAAATLAFTPSAADLRFKASATDAAFARGPSLEGLILTLEKPGSFLLDLKPHSKDVRFQFMNSALLLDRRVSLTYTHSTTLSPGPAKLPARTALDGSLTFDPANKLSLSHTLGSSGCRVKYSYAHGQDRLTTIEPCFDTANNAWDFAVTRKFQGGDAIKATYQASTKLLALDWTRDSKIGASFKVAASFDLSDQSKAPKLIAESTWNYEI"
"Q1H5C9","NA","thylakoid_membrane",0.51,"N_OM",0,"MMKASFKGKFDVDKSGSVASLTFNAGNAKLRATMTDASFVAGPSFNGLSLAVEKPGFFIIDYNVPKKDVRFQFMNTIRIAEKPLNLTYIHMRGDNRTIVDGSFVIDPANKLSANYMVGTKNCKLKYTYVHGGIATFEPCYDVAKNMWDFAISHKLYGGDNLKATYQTSSKMLGLEWSNNSKSTGSFKVCASMNLAEELKPPKLTAETTWNLEL"
"Q5PP51","NA","outer_membrane",0.51,"N_OM",1,"MGAQKSIHAGRAKIDVNVDFTHKLCTSLMFPAFRDTSSPLSLVIGSLCIKHPNLFGGSEKLDVSWDKGLYDSNVLVAFRRPRPEWRPQQCFFIQHSLSPEIGVHGTPVDNFSRSGSGGVNLSKLALGLDLSEPASSKWSSTTSIKFEHVRPINDDGRAITRDLDGFPITCSGNTHDSMVVLKQESRFAKATDQGLSHFSMQIEQGIPVVSKWLIFNRFKFVASKGVRFGPAFLLASLTGGSIVGDMAPYQAFAIGGLGSVRGYGEGAVGSGRSCLVANTELALPLNKMTEGTIFLDCGTDLGSSRLVPGNPSMRQGKPGFGYGFGYGLRFKSPLGHLQVDYAINAFNQKTLYFGVTNLASST"
"Q9LVH5","NA","thylakoid_membrane",0.51,"N_OM",0,"MASQAANLWVLLGLGLAGILMLTKKLKKTVREDFGAFIDKLMLLPPPQPAPPKAPHPLTGLTFAVSDVFDITGYVTGFGHPDWVRTHEAASSTSPVVSTLVEGGATCVGKTVVDEFAFSISGENKHYDSPTNPAAPTRIPGGACSGAAVAVATNAVDFALGIDTVGGVRVPAGYCGVLGFKSSYGAISNTGIIPVSSSLDSVGWFARDPNTLRRVGHVLLQLPFATQRNPRQIILADDCFQLLKIPVDRITQVVTKSAEKLFGRQLLKHQNLETYFETKVPSLKEFARTKAIANTKVSTSRLLANVMQLLQRHEFLQNHGDWINTVKPAIDPVILSQVCENPELTNEETENLNAIRNETRVAIGSLLKDDGILVIPTLPAVPPKLGSKEITSEDYQNRASSLLSIASISGCCQVTVPLGHHEKCPISVSFIGRHGGDRFLLDTVQTMYPSLQEYSSIVTDPKSSKKAITKEESAEIAKEKGNQAFKEKLWQKAIGLYSEAIKLSDNNATYYSNRAAAYLELGGFLQAEEDCTKAITLDKKNVKAYLRRGTAREMLGDCKGAIEDFRYALVLEPNNKRASLSAERLRKFQ"
"Q8L6H7","NA","thylakoid_lumen",0.51,"N_OM",0,"MPLPAFVAAAARLAVLVAAAATAANAASYARYRRRHLRRIPSPIDESADPLADFRAFPSSDADDSEEDNFFFGLATAPAHVEDRLEDAWLQFATETSCDDNGNVRDQRPVDALMASAAGDGGSQQSWRSTGGENIGDREQRKPLRVAMEAMLRGFEILAESGESAGGDNCSHNVAAWHNVPCPQERLRFWSDPDAELKLAKETGISVFRMGVDWARLMPEEPTEELKSSVNFAALERYRWIIQRVREYGMKVMLTLFHHSLPPWAGKYGGWKMEKTVTYFMDFVRLVVDRVSNLVDYWVIFNEPHVFVMLTYCAGAWPGGDPNAIEVATSTLPTGVYNQALHWMAIAHSEAYDYIHSKSKNERKPIVGVAHHVSFTRPYGLFDVAAVALANSLTLFPYVDSICDKLDFIGINYYGQEVISGPGLKLVDNDEYSESGRGVYPDGLFRILIQFNERYKRLNIPFVITENGVSDETDLIRKPYILEHLLATYAAIIMGVRVLGYLFWTTSDNWEWADGYGPKFGLVAVDRANNLARKPRPSYFLFSRVVTTGKITRQDRMSAWRELQQAAVQKKTRPFFRAVDKHGRMYAGGLDRPIQRPFILRDWRFGHYKMEGLQDPLSCFIRCIFAPFSRQKKIHYIEDDVISYSIN"
"Q6DW76","NA","thylakoid_membrane",0.51,"N_OM",0,"MATHPQTPTSSNAFSFISKGWREVRDSADADLRLMRDRANSFKDLATSFDRELENFFNSATPPFSVPAMRSPPPKEIEFVKSLRPKLSEIRRAYSSPDFSKKVLEKWRPRTQIRINLSAIKNAIVSAEEEEEGIVDFEKRRRRRLSFWEEWKGEGEGESRDWEPIRVLKTRLKEFEKRGSSFDAFKNSEFVEKVKSSLKSMCKEPLESKEVPPLDVPELLAYIVKQSGPFLDHLGVKRDICDKIVESLYSKCKNHQLLHSLSGEESSVLGNGNINDELDLRIASVLQSTGHRYEGGFWTDHAKHDPLDNERHVAIVTTASLPWMTGTAVNPLFRAAYLSQSAKQKVTLLVPWLCKSDQELVYPSNLTFTSPEEQEAYIRSWLEERIGFKADFKISFYPGKFSEARRSIIPAGDTSQFIPSRDADIAILEEPEHLNWYHHGKRWTDKFNHVVGIVHTNYLEYIKREKNGALQAFLVKHINNWVTRAYCHKVLRLSAATQDLPKSVICNVHGVNPKFLKIGEKIAAERELGQKAFTKGAYFLGKMVWAKGYKELIDLLAKHKADLDGFKLDVFGNGEDANEVQSAARRLDLNLNFQKGRDHADDSLHRYKVFINPSISDVLCTATAEALAMGKFVVCADHPSNEFFRSFPNCLTYRTSEDFVTKVKEALENEPYPLTPEQRYQLSWEAATQRFMEYSELDGILNKENNGEKSRVDKGKLIAKSASMPNLTELVDGGLAFAHYCLTGNEFLRLCTGAIPGTRDYDKQHCKDLHLLPPQVENPIYGW"
"Q6DW74","NA","thylakoid_membrane",0.51,"N_OM",0,"MASQRQPPSSSNAFSFLSKGWREVRDSADADLQLMKDRANSFKNLATSFDRELENFFNSAAPAFSVPAMRSASPPPAEIEFVKKLQPKLSEFRRAYSSPDFSKKVLEKWRPRARIRIDLSAIKNAIVSEEIDEGIVDFERGKRERRLSFWEELKGEGEAQDWEPIRALKTRLKEFEKRSSSVEFFDGFKNSEFLEKVKSSLKSMCKEPRDSKEVPPLDVAELLAYFVKQSGPFLDQLGVRRDVCDKIVESLYSKRKNQLLLPSLSGEESSLLGNGNINDELDLRIASVLQSTGHRNEGGFWTDHAKHDLSDNERHVAIVTTASLPWMTGTAVNPLFRAAYLSQSEKQKVTLLVPWLCKSDQELVYPSNLTFTSPEEQEGYIRNWLEERIGFKADFKISFYPGKFSQARRSIIPAGDTAQFIPSKDADIAILEEPEHLNWYHHGTRWTDKFNHVVGIVHTNYLEYIKREKNGALQAFLVKHINNWVARAYCDKVLRLSAATQDLPKSVVCNVHGVNPKFLKIGESIAAERELGQKGFTKGAYFLGKMVWAKGYKELIDLLAKHKADLDGVKLDVFGNGEDANEVQSAARRFDLNLNFQKGRDHADDSLHRYKVFINPSISDVLCTATAEALAMGKFVVCADHPSNEFFRSFPNCLTYKTPEDFAVKVKEALANEPYPLTPEQRYQLSWEAATQRFMEYSELDKVLNKEKDGAKPSKNNRKIMAKSASMPNLTELVDGGLAFAHYCLTGNEFLRLCTGATPGTRDYDKQHCKDLNLLPPQVENPIYGW"
"Q6DW73","NA","thylakoid_membrane",0.51,"N_OM",0,"MGKKQHIAIFTTASLPWLTGTAVNPLFRAAYLSKDGERDVTLVIPWLSLKDQALVYPNNITFASPSEHEKYIRQWLEERVGFTSGFSIKFYPGKFSRDKRSILAVGDISEVIPDKEADIAVLEEPEHLTWFHHGKRWKTKFRLVIGIIHTNYLEYVKREKNGQMQAFLLKYLNNWVVGIYCHKVIRLSAATQDYSGSIVCNVHGVNPKFLEIGKKKREQQQNGDQAFTKGAYFIGKMVWSKGYKELLHLFKNHQKELSALEVDLFGSGEDSDEVQKAAKKLEMAVRVHPARDHADALFHDYKLFLNPSTTDVVCTTTAEALAMGKIVVCANHCSNEFFKQFPNCWTFDESKGFVQLILKALAEEPAQLTDAQRHDLSWEAATERFLKAAELDKPFEKKLSRSTSIYMSTSLNLQQTVDDASAYVHHVASGFEISRRMFGAIPGSLKPDEELSKELGLSDSGRK"
